id,actionType
Nzk5NjgyNTIzMTkxXzE5YzY4NTY2LWEyNmItNDk5Ny04NjQ4LTQ0OTBhMDlkOTZjYg==,Stop
Nzk5NjgyNTIzMTkxX2UyN2NkZmU4LWYwYTMtNDdjMi04MjY0LTBkNmQyYmE5NzRmOA==,Stop
Nzk5NjgyNTIzMTkxXzQzZWVjYWExLTIzMzAtNDA0MS04Y2Y2LTQ4MTYwYTNkZjYwZA==,MigrateToGraviton
Nzk5NjgyNTIzMTkxX2IwYWM2ZTM4LTQ4MjQtNGI3Ni1hZDc2LTQ2ZDZjMTVkMGE5MQ==,MigrateToGraviton
Nzk5NjgyNTIzMTkxXzc0NDk1ODgyLWU4MjUtNDc1YS1hNjQwLTU0YjViNTdhODRlYw==,Rightsize
Nzk5NjgyNTIzMTkxXzllNzYxZGI4LWZkMTUtNGExYi05YzY1LTU2ZWEyMGE0MTI3Mg==,Rightsize
Nzk5NjgyNTIzMTkxX2Y5YTZkOTQzLTU4NDEtNDg2Ni04Mzg2LWE3MDYyY2E5YTlkZQ==,MigrateToGraviton
Nzk5NjgyNTIzMTkxXzQ3MjUwZmY3LTc4ZTYtNDk2NC05ZGM1LTE3MmZmOWU1MDdmMA==,Upgrade
OTc2NzQ1NDA0OTA3X2Y4MGM0NWUyLTViYjMtNDNjZi04Y2MyLWYwYWRiNWY3YmY4ZA==,MigrateToGraviton
Nzk5NjgyNTIzMTkxX2YzZGIzYTIxLTk2MzgtNDgyMi05M2FlLWJjY2M5NzFhNWRjMg==,MigrateToGraviton
OTc2NzQ1NDA0OTA3XzQwNDJjZjFjLTAxOTUtNDdkNS04N2U5LWI1ZmRhNGM1ODNlNg==,Upgrade
Nzk5NjgyNTIzMTkxXzNmNDgwNzNhLTE4NzEtNGMzMS1hYTM2LTY2NjFjMmVhNDMyNA==,MigrateToGraviton
OTc2NzQ1NDA0OTA3X2YwYWMxNjAzLWNkNmYtNGZjNy05MDAyLTIxZTNhODg1YzdmMQ==,Upgrade
Nzk5NjgyNTIzMTkxX2MyZDY1Zjc5LTBiNzgtNGIyYy1hZDkxLTA2ZDBlMjFhYzY2Yw==,Upgrade
